-- ============================================
-- СТРОЙКОНТРОЛЬ: Тестовые данные
-- ============================================

-- Инженеры
INSERT OR IGNORE INTO engineers (id, name, specialization, max_objects) VALUES
  (1, 'Козлов А.В.', 'строительный_контроль', 5),
  (2, 'Петрова Е.М.', 'строительный_контроль', 4),
  (3, 'Сидоров Д.И.', 'лаборатория', 6),
  (4, 'Новикова О.С.', 'экспертиза', 3),
  (5, 'Васильев П.К.', 'строительный_контроль', 5),
  (6, 'Морозова Н.А.', 'лаборатория', 5),
  (7, 'Ильин Р.Г.', 'экспертиза', 4);

-- Подрядчики
INSERT OR IGNORE INTO contractors (id, name, inn, contact_person, phone) VALUES
  (1, 'ООО "СтройМастер"', '7701234567', 'Иванов С.П.', '+7-495-111-22-33'),
  (2, 'АО "ГрандСтрой"', '7702345678', 'Кузнецов М.В.', '+7-495-222-33-44'),
  (3, 'ООО "БетонПлюс"', '7703456789', 'Соловьев А.Н.', '+7-495-333-44-55'),
  (4, 'ООО "МегаСтрой"', '7704567890', 'Фёдоров И.И.', '+7-495-444-55-66'),
  (5, 'ЗАО "ПромСтрой"', '7705678901', 'Григорьев К.Л.', '+7-495-555-66-77'),
  (6, 'ООО "АльфаБилд"', '7706789012', 'Титов В.С.', '+7-495-666-77-88');

-- Объекты
INSERT OR IGNORE INTO objects (id, name, address, contractor_id, engineer_id, status, start_date, planned_end_date) VALUES
  (1, 'ЖК "Солнечный"', 'г. Москва, ул. Строителей, 15', 1, 1, 'active', '2025-09-01', '2026-08-31'),
  (2, 'БЦ "Горизонт"', 'г. Москва, пр. Мира, 42', 2, 1, 'active', '2025-11-01', '2026-12-31'),
  (3, 'Школа №145', 'г. Москва, ул. Ленина, 8', 3, 2, 'active', '2025-10-15', '2026-06-30'),
  (4, 'ЖК "Парковый"', 'МО, г. Химки, ул. Парковая, 3', 4, 2, 'active', '2026-01-10', '2027-03-31'),
  (5, 'Поликлиника №12', 'г. Москва, ул. Здоровья, 5', 1, 5, 'active', '2025-08-01', '2026-05-31'),
  (6, 'Склад "Логистик"', 'МО, г. Подольск, пр. Индустриальный, 22', 5, 5, 'active', '2026-02-01', '2026-09-30'),
  (7, 'ТЦ "Мегаполис"', 'г. Москва, ш. Энтузиастов, 100', 2, 1, 'active', '2025-06-01', '2026-12-31'),
  (8, 'Гараж-стоянка', 'г. Москва, ул. Автомобильная, 7', 6, 5, 'active', '2026-01-15', '2026-07-31'),
  (9, 'Детский сад "Радуга"', 'МО, г. Одинцово, ул. Садовая, 11', 3, 2, 'paused', '2025-07-01', '2026-04-30'),
  (10, 'Жилой дом (реконструкция)', 'г. Москва, Старый Арбат, 25', 4, 4, 'active', '2026-02-15', '2026-10-31'),
  (11, 'Мост через р. Сетунь', 'г. Москва, Кутузовский пр.', 2, 4, 'active', '2025-05-01', '2026-11-30'),
  (12, 'ЖК "Рассвет" (завершён)', 'г. Москва, ул. Восточная, 9', 1, 1, 'completed', '2024-01-01', '2025-12-31');

-- Замечания (defects) — разнообразные, вкл. повторные
INSERT OR IGNORE INTO defects (id, object_id, contractor_id, engineer_id, category, description, status, is_repeat, parent_defect_id, opened_at, deadline, closed_at) VALUES
  -- Открытые
  (1, 1, 1, 1, 'критическое', 'Отклонение от проекта в конструкции ростверка', 'open', 0, NULL, '2026-03-10', '2026-03-20', NULL),
  (2, 1, 1, 1, 'значительное', 'Недостаточный защитный слой арматуры, секция Б-3', 'open', 0, NULL, '2026-03-12', '2026-03-25', NULL),
  (3, 2, 2, 1, 'значительное', 'Нарушение геометрии колонн 2-го этажа', 'open', 0, NULL, '2026-03-15', '2026-03-28', NULL),
  (4, 3, 3, 2, 'критическое', 'Использование бетона несоответствующего класса', 'open', 0, NULL, '2026-03-18', '2026-03-22', NULL),
  (5, 4, 4, 2, 'незначительное', 'Отсутствие маркировки на поставленной арматуре', 'open', 0, NULL, '2026-03-20', '2026-04-01', NULL),
  (6, 5, 1, 5, 'значительное', 'Трещины в стеновых панелях 3-го этажа', 'open', 0, NULL, '2026-03-08', '2026-03-18', NULL),
  (7, 6, 5, 5, 'незначительное', 'Неполная исполнительная документация по фундаменту', 'open', 0, NULL, '2026-03-21', '2026-04-05', NULL),
  (8, 7, 2, 1, 'критическое', 'Превышение допуска по осадке фундамента', 'open', 0, NULL, '2026-03-05', '2026-03-15', NULL),
  (9, 10, 4, 4, 'значительное', 'Несоответствие материала перекрытия проектному', 'open', 0, NULL, '2026-03-22', '2026-04-05', NULL),
  (10, 11, 2, 4, 'критическое', 'Дефекты сварных соединений в опоре №3', 'open', 0, NULL, '2026-03-19', '2026-03-26', NULL),
  -- В работе
  (11, 1, 1, 1, 'значительное', 'Отступление от проекта по армированию плиты', 'in_progress', 0, NULL, '2026-03-01', '2026-03-20', NULL),
  (12, 2, 2, 1, 'незначительное', 'Несоблюдение температурного режима бетонирования', 'in_progress', 0, NULL, '2026-03-10', '2026-03-24', NULL),
  (13, 5, 1, 5, 'значительное', 'Нарушение технологии устройства гидроизоляции', 'in_progress', 0, NULL, '2026-03-05', '2026-03-20', NULL),
  -- Повторные (reopened)
  (14, 1, 1, 1, 'значительное', 'Повторно: Недостаточный защитный слой (секция А-2)', 'reopened', 1, 2, '2026-03-22', '2026-03-30', NULL),
  (15, 3, 3, 2, 'критическое', 'Повторно: Бетон не соответствует классу (партия 2)', 'reopened', 1, 4, '2026-03-23', '2026-03-28', NULL),
  (16, 7, 2, 1, 'значительное', 'Повторно: Осадка фундамента секция В', 'reopened', 1, 8, '2026-03-20', '2026-03-28', NULL),
  (17, 5, 1, 5, 'значительное', 'Повторно: Трещины в панелях после ремонта', 'reopened', 1, 6, '2026-03-24', '2026-04-01', NULL),
  -- Закрытые
  (18, 1, 1, 1, 'незначительное', 'Неполный комплект сертификатов на арматуру', 'closed', 0, NULL, '2026-02-15', '2026-02-28', '2026-02-25'),
  (19, 2, 2, 1, 'значительное', 'Некачественная сварка закладных деталей', 'closed', 0, NULL, '2026-02-20', '2026-03-05', '2026-03-03'),
  (20, 3, 3, 2, 'незначительное', 'Нарушение складирования материалов', 'closed', 0, NULL, '2026-02-10', '2026-02-20', '2026-02-18'),
  (21, 4, 4, 2, 'значительное', 'Отклонение в разметке осей', 'closed', 0, NULL, '2026-02-25', '2026-03-10', '2026-03-08'),
  (22, 5, 1, 5, 'критическое', 'Просадка основания в зоне погрузки', 'closed', 0, NULL, '2026-01-15', '2026-02-01', '2026-01-30'),
  (23, 6, 5, 5, 'незначительное', 'Отсутствие журнала бетонных работ', 'closed', 0, NULL, '2026-03-01', '2026-03-15', '2026-03-10'),
  (24, 7, 2, 1, 'значительное', 'Трещины в ростверке', 'closed', 0, NULL, '2026-01-20', '2026-02-10', '2026-02-28'),
  (25, 8, 6, 5, 'незначительное', 'Неверная маркировка осей', 'closed', 0, NULL, '2026-02-01', '2026-02-15', '2026-02-10'),
  (26, 11, 2, 4, 'значительное', 'Коррозия арматуры до бетонирования', 'closed', 0, NULL, '2026-02-05', '2026-02-20', '2026-02-22'),
  (27, 12, 1, 1, 'значительное', 'Отклонение стен от вертикали', 'closed', 0, NULL, '2025-10-01', '2025-10-15', '2025-10-12'),
  (28, 12, 1, 1, 'незначительное', 'Некомплектность документации', 'closed', 0, NULL, '2025-11-01', '2025-11-15', '2025-11-10');

-- Испытания
INSERT OR IGNORE INTO tests (id, object_id, engineer_id, material_type, test_type, status, queued_at, started_at, completed_at, result, protocol_number) VALUES
  -- В очереди
  (1, 1, 3, 'бетон', 'прочность', 'queued', '2026-03-22', NULL, NULL, NULL, NULL),
  (2, 1, 3, 'бетон', 'морозостойкость', 'queued', '2026-03-22', NULL, NULL, NULL, NULL),
  (3, 2, 3, 'арматура', 'прочность', 'queued', '2026-03-23', NULL, NULL, NULL, NULL),
  (4, 3, 6, 'бетон', 'прочность', 'queued', '2026-03-20', NULL, NULL, NULL, NULL),
  (5, 4, 6, 'грунт', 'прочность', 'queued', '2026-03-21', NULL, NULL, NULL, NULL),
  (6, 5, 3, 'раствор', 'прочность', 'queued', '2026-03-24', NULL, NULL, NULL, NULL),
  (7, 7, 6, 'бетон', 'водонепроницаемость', 'queued', '2026-03-19', NULL, NULL, NULL, NULL),
  (8, 10, 3, 'арматура', 'прочность', 'queued', '2026-03-25', NULL, NULL, NULL, NULL),
  (9, 11, 6, 'бетон', 'прочность', 'queued', '2026-03-18', NULL, NULL, NULL, NULL),
  -- В процессе
  (10, 6, 3, 'бетон', 'прочность', 'in_progress', '2026-03-15', '2026-03-22', NULL, NULL, NULL),
  (11, 8, 6, 'грунт', 'прочность', 'in_progress', '2026-03-16', '2026-03-23', NULL, NULL, NULL),
  -- Завершённые
  (12, 1, 3, 'бетон', 'прочность', 'completed', '2026-02-10', '2026-02-12', '2026-02-20', 'соответствует', 'ПИ-2026-001'),
  (13, 2, 3, 'бетон', 'прочность', 'completed', '2026-02-15', '2026-02-17', '2026-02-25', 'соответствует', 'ПИ-2026-002'),
  (14, 3, 6, 'арматура', 'прочность', 'completed', '2026-02-20', '2026-02-22', '2026-03-01', 'не_соответствует', 'ПИ-2026-003'),
  (15, 5, 3, 'бетон', 'морозостойкость', 'completed', '2026-01-10', '2026-01-12', '2026-02-10', 'соответствует', 'ПИ-2026-004'),
  (16, 7, 6, 'бетон', 'прочность', 'completed', '2026-02-01', '2026-02-03', '2026-02-15', 'соответствует', 'ПИ-2026-005'),
  (17, 11, 6, 'бетон', 'прочность', 'completed', '2026-01-15', '2026-01-17', '2026-01-28', 'соответствует', 'ПИ-2026-006'),
  (18, 4, 6, 'бетон', 'прочность', 'failed', '2026-03-01', '2026-03-03', '2026-03-10', 'не_соответствует', NULL);

-- Протоколы
INSERT OR IGNORE INTO protocols (id, object_id, test_id, engineer_id, protocol_number, protocol_type, status, due_date, issued_at, created_at) VALUES
  -- Просроченные
  (1, 1, 12, 3, 'ПР-2026-001', 'испытание', 'overdue', '2026-03-10', NULL, '2026-02-25'),
  (2, 3, 14, 6, 'ПР-2026-003', 'испытание', 'overdue', '2026-03-15', NULL, '2026-03-05'),
  (3, 7, NULL, 1, 'ПР-2026-007', 'предписание', 'overdue', '2026-03-12', NULL, '2026-03-05'),
  (4, 5, NULL, 5, 'ПР-2026-010', 'акт_осмотра', 'overdue', '2026-03-18', NULL, '2026-03-10'),
  (5, 11, NULL, 4, 'ПР-2026-012', 'заключение', 'overdue', '2026-03-20', NULL, '2026-03-12'),
  -- На рассмотрении
  (6, 2, 13, 3, 'ПР-2026-002', 'испытание', 'review', '2026-03-30', NULL, '2026-03-01'),
  (7, 4, NULL, 2, 'ПР-2026-004', 'акт_осмотра', 'review', '2026-04-01', NULL, '2026-03-15'),
  (8, 6, NULL, 5, 'ПР-2026-008', 'предписание', 'review', '2026-03-28', NULL, '2026-03-14'),
  -- Черновики
  (9, 10, NULL, 4, 'ПР-2026-011', 'заключение', 'draft', '2026-04-05', NULL, '2026-03-20'),
  (10, 8, NULL, 5, 'ПР-2026-009', 'акт_осмотра', 'draft', '2026-04-10', NULL, '2026-03-22'),
  -- Выданные
  (11, 1, 12, 3, 'ПР-2026-005', 'испытание', 'issued', '2026-03-01', '2026-02-28', '2026-02-20'),
  (12, 5, 15, 3, 'ПР-2026-006', 'испытание', 'issued', '2026-02-20', '2026-02-18', '2026-02-12'),
  (13, 11, 17, 6, 'ПР-2026-013', 'испытание', 'issued', '2026-02-10', '2026-02-05', '2026-01-30'),
  (14, 7, 16, 6, 'ПР-2026-014', 'испытание', 'issued', '2026-02-25', '2026-02-20', '2026-02-16'),
  (15, 12, NULL, 1, 'ПР-2025-050', 'заключение', 'issued', '2025-12-15', '2025-12-10', '2025-12-01');

-- Заявки (лиды)
INSERT OR IGNORE INTO leads (id, company_name, contact_person, phone, email, service_type, estimated_value, status, source, created_at, converted_at, lost_reason) VALUES
  -- Новые
  (1, 'ООО "Строй-Инвест"', 'Белов А.А.', '+7-495-111-00-01', 'belov@si.ru', 'строительный_контроль', 2500000, 'new', 'сайт', '2026-03-20', NULL, NULL),
  (2, 'АО "ДевелопГрупп"', 'Чернова М.И.', '+7-495-111-00-02', 'chernova@dg.ru', 'комплекс', 8000000, 'new', 'тендер', '2026-03-22', NULL, NULL),
  (3, 'ИП Смирнов', 'Смирнов О.П.', '+7-495-111-00-03', 'smirnov@mail.ru', 'лаборатория', 350000, 'new', 'рекомендация', '2026-03-24', NULL, NULL),
  -- В работе
  (4, 'ООО "ЖилСтрой"', 'Попов Г.Н.', '+7-495-111-00-04', 'popov@gs.ru', 'строительный_контроль', 3200000, 'in_progress', 'сайт', '2026-03-10', NULL, NULL),
  (5, 'АО "ТехноПарк"', 'Лебедев С.В.', '+7-495-111-00-05', 'lebedev@tp.ru', 'экспертиза', 1500000, 'in_progress', 'повторный_клиент', '2026-03-12', NULL, NULL),
  -- КП отправлено
  (6, 'ООО "Мегадом"', 'Крылов В.И.', '+7-495-111-00-06', 'krylov@md.ru', 'комплекс', 5500000, 'proposal_sent', 'тендер', '2026-03-01', NULL, NULL),
  (7, 'ООО "НовоСтрой"', 'Орлов Д.А.', '+7-495-111-00-07', 'orlov@ns.ru', 'строительный_контроль', 1800000, 'proposal_sent', 'сайт', '2026-02-25', NULL, NULL),
  -- Выиграны (в этом месяце)
  (8, 'ООО "МегаСтрой"', 'Фёдоров И.И.', '+7-495-444-55-66', 'fedorov@ms.ru', 'строительный_контроль', 4000000, 'won', 'повторный_клиент', '2026-02-15', '2026-03-05', NULL),
  (9, 'ООО "АльфаБилд"', 'Титов В.С.', '+7-495-666-77-88', 'titov@ab.ru', 'лаборатория', 800000, 'won', 'рекомендация', '2026-02-20', '2026-03-10', NULL),
  (10, 'АО "ГрандСтрой"', 'Кузнецов М.В.', '+7-495-222-33-44', 'kuzn@gs.ru', 'экспертиза', 2200000, 'won', 'тендер', '2026-01-10', '2026-02-01', NULL),
  -- Выиграны (прошлые)
  (11, 'ООО "СтройМастер"', 'Иванов С.П.', '+7-495-111-22-33', 'ivanov@sm.ru', 'комплекс', 6000000, 'won', 'тендер', '2025-12-01', '2026-01-15', NULL),
  (12, 'ЗАО "ПромСтрой"', 'Григорьев К.Л.', '+7-495-555-66-77', 'grig@ps.ru', 'строительный_контроль', 2800000, 'won', 'сайт', '2025-11-15', '2025-12-20', NULL),
  -- Проиграны
  (13, 'ООО "ДешёвоСтрой"', 'Зайцев Л.М.', '+7-495-111-00-08', 'zaits@ds.ru', 'строительный_контроль', 1200000, 'lost', 'сайт', '2026-02-01', NULL, 'цена'),
  (14, 'ИП Козин', 'Козин А.Р.', '+7-495-111-00-09', 'kozin@mail.ru', 'лаборатория', 200000, 'lost', 'сайт', '2026-02-10', NULL, 'выбрали_другого'),
  (15, 'ООО "Застройщик-5"', 'Павлов Е.Ю.', '+7-495-111-00-10', 'pavlov@z5.ru', 'комплекс', 7000000, 'lost', 'тендер', '2026-01-20', NULL, 'бюджет');
